url,commit_message,num_files_changed,num_lines_changed,num_lines_per_file,gunning_fog_approx,num_chars,num_words,closes_issue,num_sentences,words_per_sentence,chars_per_word,rank_message_length,rank_message_readability,rank_commit_size,rank_commit_overall
https://api.github.com/repos/jquery/jquery/commits/fa0058af426c4e482059214c29c29f004254d9a1,"Build: Use the US spelling of ""favor"". Closes gh-4752",3,6,2,1.8,58,9,TRUE,2,4.5,6.444444444,5,5,4,5
https://api.github.com/repos/angular/angular/commits/62a58e23b6c591f107c59d0bbbbdc4884250d0e8,docs(router): Fix ActivationEnd link (#39469). ActivationEnd goes to ActivationEnd and not to ActivationStart section. PR Close #39469,1,2,2,15.33333333,135,15,TRUE,3,5.666666667,9,3,4,5,5
https://api.github.com/repos/rust-lang/rust/commits/cc9ab1cd58e55de4e60cfaf884e89a9d66563b38,Merge unsized locals pat tests,4,68,17,2,31,5,FALSE,1,5,6.2,4,5,2,4
https://api.github.com/repos/docker/machine/commits/55bfb59b67e7db9c058d6a973a46c7a2d32f0d17,plugin/localbinary: Exit output stream goroutines when plugin closes. This commit ensures that when a plugin instance is closed the goroutines. responsible for streaming stdout and stderr of the called binary will. also exit.  preventing a goroutines leak. Before this commit these goroutines could stay blocked forever if. Close() was called while the binary still had some pending output. I found this bug after debugging a real world goroutine leak.  the. goroutines dump would show thousands of goroutines at:. ```. github. com/tsuru/tsuru/vendor/github. com/docker/machine/libmachine/drivers/plugin/localbinary. stream(0xc023013d80.  0xc0000aad20).         /home/travis/gopath/src/github. com/tsuru/tsuru/vendor/github. com/docker/machine/libmachine/drivers/plugin/localbinary/plugin. go:177 +0x7c. created by github. com/tsuru/tsuru/vendor/github. com/docker/machine/libmachine/drivers/plugin/localbinary. (*Plugin). AttachStream.         /home/travis/gopath/src/github. com/tsuru/tsuru/vendor/github. com/docker/machine/libmachine/drivers/plugin/localbinary/plugin. go:183 +0x67. ```. Signed-off-by: Cezar Sa Espinola <cezarsa@gmail. com>,2,24,12,10.75896226,1146,106,TRUE,32,3.375,10.81132075,1,1,3,3
https://api.github.com/repos/python/cpython/commits/bca701403253379409dece03053dbd739c0bd059,bpo-42123: Run the parser two times and only enable invalid rules on the second run (GH-22111). * Implement running the parser a second time for the errors messages. The first parser run is only responsible for detecting whether. there is a `SyntaxError` or not.  If there isn't the AST gets returned. Otherwise.  the parser is run a second time with all the `invalid_*`. rules enabled so that all the customized error messages get produced.,6,120,20,8.175951294,443,73,FALSE,9,8.222222222,6.068493151,2,3,1,2
https://api.github.com/repos/jupyter/notebook/commits/87aa278971ce6241a894c0ac791b325a4bf70717,Merge pull request #5813 from kevin-bates/http-new-terminal. Add support for creating terminals via GET,4,114,28.5,9.066666667,104,12,FALSE,2,6.5,8.666666667,3,5,2,3
https://api.github.com/repos/vercel/next.js/commits/0f2505147031ffa4e767a4cce2a8634a32df42d8,Ensure getStaticProps is called for SSG 404 in blocking mode (#18300). This ensures that when using a `pages/404` file with `getStaticProps` that we call `getStaticProps` in `fallback: 'blocking'` mode. Fixes: https://github. com/vercel/next. js/issues/18293,3,144,48,7.641290323,259,31,TRUE,5,6.6,8.35483871,2,3,2,3
https://api.github.com/repos/dotnet/core/commits/00ac27938b88c3c013349ea2daffd0849e3dcf6f,Fix front matter (again),1,1,1,1.6,25,4,TRUE,1,4,6.25,1,5,5,5
https://api.github.com/repos/jupyter/notebook/commits/7778dc3202399161cbc4a61c258cef8ef0229455,Allow for redundant accesses of same endpoint,2,23,11.5,8.514285714,46,7,FALSE,1,7,6.571428571,5,5,3,4
https://api.github.com/repos/facebook/react/commits/0dd809bdfad2c2d714e369bb7f0082ce3ac34f9c,Remove last schedulePassiveEffectCallback call (#20042). Now there's only a single place where the passive effect callback. is scheduled.,2,62,31,11.11176471,139,17,FALSE,4,4.5,8.176470588,4,4,2,3
https://api.github.com/repos/docker/machine/commits/6ab5418ab40c9f81ba5020f436b155ee5671fc55,Merge pull request #4506 from Jason-ZW/add-nonempty-flag. Add nonempty flag,1,2,2,6.6,76,8,FALSE,2,4.5,9.5,4,5,5,5
https://api.github.com/repos/fastai/fastai/commits/f992f2583361ebd72e1fd4cb5eb327ef424988cd,ShowGraphCallback suppressed when calling learn. predict() (#2865). Co-authored-by: Jeremy Howard <j@fast. ai>,2,32,16,8.372727273,111,11,FALSE,4,3,10.09090909,3,5,3,4
https://api.github.com/repos/Alamofire/Alamofire/commits/8d34a5f5502edd6d6f1e0bad2f608dd69ccde95a,Update Alamofire 5. 0 Migration Guide. md (#3317). Removed an extra space,1,2,2,9.788888889,74,9,FALSE,4,3,8.222222222,5,4,5,5
https://api.github.com/repos/CocoaPods/CocoaPods/commits/56606853e9889d1e276e36da36aff962be7dce33,Build the BananaLib XCFramework.  include it in the example project.  and update the ArchiveAndValidate script to inspect the results,165,2529,15.32727273,15.16491228,134,19,FALSE,3,6.333333333,7.052631579,3,4,1,3
https://api.github.com/repos/rails/rails/commits/10649e6e480d437f4393ff224e593bc27ca9589b,Merge pull request #40386 from ojab/fixup_redis_cache_store_delete_matched. Remove keys from local_cache in RedisCacheStore#delete_matched,3,30,10,16.74545455,139,11,TRUE,2,6,12.63636364,3,3,2,4
https://api.github.com/repos/ruby/ruby/commits/ff2276ef8cd6285d657cd15801bc5768e93f73d6,Fix bootstrap-test error in previous commit,2,4,2,9.066666667,44,6,TRUE,1,6,7.333333333,5,5,5,5
https://api.github.com/repos/ruby/ruby/commits/cffdacb15a363321e1c1879aa7d94924acafd1cf,Ignore <internal: entries from core library methods for Kernel#warn(message.  uplevel: n). * Fixes [Bug #17259],5,95,19,10.96410256,112,13,TRUE,3,5,8.615384615,4,4,2,4
https://api.github.com/repos/gatsbyjs/gatsby/commits/628d86696d4206ecf1892826d4690028b84d6446,chore(gatsby-remark-autolink-headers): add styling instructions (#27199). Co-authored-by: Ward Peeters <ward@coding-tech. com>. Co-authored-by: Lennart <lekoarts@gmail. com>. Co-authored-by: gatsbybot <mathews. kyle+gatsbybot@gmail. com>,1,14,14,18.67777778,238,18,FALSE,8,2.375,13.22222222,2,2,5,3
https://api.github.com/repos/jquery/jquery/commits/a4421101fd6d9d7b0550210f8e8690641733dd9a,Attributes: Drop the `toggleClass(boolean|undefined)` signature. The behavior of this signature is not intuitive.  especially if classes are. manipulated via other ways between `toggleClass` calls. Fixes gh-3388. Closes gh-4766,2,77,38.5,14.72380952,228,28,TRUE,6,4.666666667,8.142857143,2,2,2,3
https://api.github.com/repos/microsoft/TypeScript/commits/0847d85a4c583ac16d6d63755145432391ad9bf6,Fix dependency order and observer registration,3,28,9.333333333,22.4,47,6,TRUE,1,6,7.833333333,5,5,3,5
https://api.github.com/repos/apache/hadoop/commits/e7aa4da0a26988fcf5880311067e62a15e05fc1e,HDFS-15459.  TestBlockTokenWithDFSStriped fails intermittently.  Contributed by Ahmed Hussein.,1,2,2,15.8,96,8,FALSE,4,2,12,5,3,5,4
https://api.github.com/repos/python/cpython/commits/95f710c55714153f0c8cce48f8215bb3d866ac1d,bpo-6761: Enhance __call__ documentation (GH-7987),1,2,2,10,51,5,FALSE,1,5,10.2,4,5,5,5
https://api.github.com/repos/WordPress/WordPress/commits/a6db16fad0f9a50b59f74da66a2761460dda69dc,Upgrade/Install: Adjust a string in `core_auto_updates_settings()` for consistency. Props audrasjb.  desrosj. See #50907. Built from https://develop. svn. wordpress. org/trunk@49345. git-svn-id: http://core. svn. wordpress. org/trunk@49105 1a063a9b-81f0-0310-95a4-ce76da25c4cd,2,4,2,9.133333333,277,24,FALSE,12,2.083333333,11.54166667,2,2,5,3
https://api.github.com/repos/WordPress/WordPress/commits/14558efa83abf567af12cb2c4391770df273bf91,PHPCS fixes after [49347]. See #51098. Built from https://develop. svn. wordpress. org/trunk@49349. git-svn-id: http://core. svn. wordpress. org/trunk@49109 1a063a9b-81f0-0310-95a4-ce76da25c4cd,2,20,10,5.64,194,16,TRUE,10,1.8,12.125,3,2,4,4
https://api.github.com/repos/golang/go/commits/150d2448e5a213cd679396371c0a147918dc2125,cmd/compile. cmd/internal/obj/riscv. runtime: use Duff's devices on riscv64. Implement runtime. duffzero and runtime. duffcopy for riscv64. Use obj. ADUFFZERO/obj. ADUFFCOPY for medium size.  word aligned. zeroing/moving. Change-Id: I42ec622055630c94cb77e286d8d33dbe7c9f846c. Reviewed-on: https://go-review. googlesource. com/c/go/+/237797. Run-TryBot: Cherry Zhang <cherryyz@google. com>. Reviewed-by: Joel Sing <joel@sing. id. au>. Reviewed-by: Cherry Zhang <cherryyz@google. com>,9,1080,120,14.20606061,483,48,FALSE,22,2.181818182,10.0625,1,1,1,1
https://api.github.com/repos/facebook/react/commits/75726fadfd4ab063390805bf5baab966c8523d2c,DevTools fix props editing for host components (#20055),2,52,26,8.514285714,56,7,TRUE,1,8,8,5,4,4,5
https://api.github.com/repos/Alamofire/Alamofire/commits/23b239a5590272ab22119f82c0dd55c51cda05e4,Temporarily disable redirect tests due to HTTPBin issue (#3244). * Disable redirect tests due to HTTPBin issue. * Formatting.,4,411,102.75,16.6,127,16,FALSE,4,4.75,7.9375,3,4,4,4
https://api.github.com/repos/apache/hadoop/commits/6a9ceedfb3ee7c2f66a44083fb8e68cca508e207,HADOOP-17175.  [JDK 11] Fix javadoc errors in hadoop-common module.  (#2397),12,161,13.41666667,16.06666667,77,8,TRUE,3,3.333333333,9.625,4,2,4,4
https://api.github.com/repos/torvalds/linux/commits/8c2ab803e565f994b897573f6f2f6520eef41159,"Merge tag 'orphan-handling-v5. 10-rc2' of git://git. kernel. org/pub/scm/linux/kernel/git/kees/linux. Pull orphan section fixes from Kees Cook:.  ""A couple corner cases were found from the link-time orphan section.   handling series:.    - arm: handle . ARM. exidx and . ARM. extab sections (Nathan Chancellor).    - x86: collect . ctors. * with . ctors (Kees Cook)"". * tag 'orphan-handling-v5. 10-rc2' of git://git. kernel. org/pub/scm/linux/kernel/git/kees/linux:.   arm/build: Always handle . ARM. exidx and . ARM. extab sections.   vmlinux. lds. h: Keep . ctors. * with . ctors",2,5,2.5,4.40683112,586,68,TRUE,31,2.612903226,8.617647059,1,1,1,2
https://api.github.com/repos/CocoaPods/CocoaPods/commits/62bb0d7298eb7ebd70347aab30ac3883b28a3b73,Release 1. 10. 0,3,14,4.666666667,40.13333333,17,1,FALSE,3,1.333333333,17,2,4,2,3
https://api.github.com/repos/microsoft/TypeScript/commits/269113b3dd64aebb3e5b4d0fb9448d503aa242c6,LEGO: check in for master to temporary branch.,1,9,9,6.6,48,8,FALSE,2,4,6,5,5,3,4
https://api.github.com/repos/jimweirich/builder/commits/0b1355e08ccd4d5911d30bfa0f970f9fd7ef87cb,Fix rdoc issue with 'encoding ::',1,16,16,2,34,5,TRUE,1,6,6.8,4,4,3,5
https://api.github.com/repos/WordPress/WordPress/commits/a33d6305d1c21e2bbfe2507eaf1bc99f4919261f,Twenty Twenty: Correct some textdomains in block patterns. Props justinahinon. Fixes #51648.  See #51098. Built from https://develop. svn. wordpress. org/trunk@49352. git-svn-id: http://core. svn. wordpress. org/trunk@49112 1a063a9b-81f0-0310-95a4-ce76da25c4cd,2,8,4,7.466666667,261,24,TRUE,12,2.166666667,10.875,2,3,2,3
https://api.github.com/repos/microsoft/TypeScript/commits/3517af8f80460ab28c49eeccddaa95db5654c730,Make 'getIndentString' just use a loop.  (#41221). * Make 'getIndentString' just use a loop. * Added test. * Accepted baselines.,5,53,10.6,8.566666667,130,16,FALSE,6,3.333333333,8.125,3,3,4,3
https://api.github.com/repos/vercel/next.js/commits/118ab7992bc8f7a7e5a7bb996510d9b56ffe4f68,v10. 0. 0,15,40,2.666666667,0.133333333,10,1,FALSE,3,1,10,1,5,4,3
https://api.github.com/repos/vercel/next.js/commits/44fe971e6b3ba240ecd8f2d2d92025d831bc609d,Update image optimization docs to include blog details (#18401). This PR documents some details that are mentioned in the blog post https://nextjs. org/blog/next-10,1,12,12,12.02424242,165,22,FALSE,3,7.666666667,7.5,3,5,2,3
https://api.github.com/repos/angular/angular/commits/540f02b6ad7186ee753a6d8ebecbaad6421942fb,docs: add install Firebase CLI step before using its commands (#39079). PR Close #39079,1,1,1,9.066666667,88,12,FALSE,2,7,7.333333333,4,4,2,3
https://api.github.com/repos/bitcoin/bitcoin/commits/0672522aedd3760c30b8740c7e9487f00bf9dfeb,[move-only.  test]: Match test order with run order,1,60,60,6.6,52,8,FALSE,2,4,6.5,4,5,3,4
https://api.github.com/repos/bitcoin/bitcoin/commits/a193f969eef4a0e656d26bb7e7bba1c04d90b777,qt: Pre-splitoff translations update,89,13402,150.5842697,31.6,37,4,FALSE,1,4,9.25,2,4,1,2
https://api.github.com/repos/bitcoin/bitcoin/commits/0f86e7f1285c6de697d144a0e68bbd67f4900e19,Merge #20157: Bugfix: chainparams: Add missing (always enabled) Taproot deployment for Signet. 2d5793c0161902730cde384dbdf3e3ba3e55c9e0 Bugfix: chainparams: Add missing (disabled) Taproot deployment for Signet (Luke Dashjr). Pull request description:.   Is there a way we can trigger compiler warnings if a deployment is undefined?. ACKs for top commit:.   decryp2kanon:.     utACK 2d5793c0161902730cde384dbdf3e3ba3e55c9e0.   MarcoFalke:.     review ACK 2d5793c0161902730cde384dbdf3e3ba3e55c9e0. Tree-SHA512: 135cefae0f8dc552b0f682c2b87cabca7a4716290a36410a55968850e803a5049234e3cc597c8ef8d7917ae5d5ea3fb851e160df171b6793114c6bc01c5ea3e7,1,5,5,14.1954717,638,53,TRUE,10,5.4,12.03773585,1,1,1,2
https://api.github.com/repos/vercel/next.js/commits/4026d9bea0b278e54eed065d26527c6e5843e116,Remove unstable_ prefix from unstable_redirect (#18282),5,45,9,26,56,5,TRUE,1,6,11.2,4,4,4,5
https://api.github.com/repos/WordPress/WordPress/commits/1aafbf6c6fbb0ef6f442009ef2e4888077de81d3,Cron API: Improve the inline documentation for the args passed to the cron event scheduling functions. Props chadreitsma.  peterwilsoncc. Fixes #51605. Built from https://develop. svn. wordpress. org/trunk@49357. git-svn-id: http://core. svn. wordpress. org/trunk@49117 1a063a9b-81f0-0310-95a4-ce76da25c4cd,2,27,13.5,8.566666667,307,32,TRUE,12,2.75,9.59375,3,2,3,4
https://api.github.com/repos/torvalds/linux/commits/194810f78402128fe07676646cf9027fd3ed431c,dt-bindings: leds: Update devicetree documents for ID_RGB. Update the leds/common. yaml to indicate that the max color ID is 9. Reflect the same change in the leds-class-multicolor. yaml. Reported-by: Zhen Lei <thunder. leizhen@huawei. com>. Signed-off-by: Dan Murphy <dmurphy@ti. com>. Link: https://lore. kernel. org/r/20201016115703. 30184-1-dmurphy@ti. com. Signed-off-by: Rob Herring <robh@kernel. org>,2,11,5.5,9.316206483,408,49,FALSE,17,2.941176471,8.326530612,1,2,2,2
https://api.github.com/repos/jimweirich/builder/commits/3aa417fe8b3d10bf57ad4311f0ab48029e17798f,Merge pull request #38 from benlovell/typo-oh-no. Fixed a bunch of typos,1,10,10,6,73,10,TRUE,2,5.5,7.3,5,5,2,5
https://api.github.com/repos/jupyter/notebook/commits/08f8ccd1f8be25bda83fc50a8cbd3ca07ab57d54,Add log_json=True test for log_request. Basic test just to make sure log_request handles log_json=True. properly.,1,40,40,12.16666667,115,15,FALSE,4,3.75,7.666666667,4,4,4,4
https://api.github.com/repos/python/cpython/commits/3cde3788b68bce7deee1e6d31e265bbfce337731,bpo-39108: Document threading issues for random. gauss() (GH-22928),1,7,7,6.6,68,8,FALSE,2,4,8.5,4,5,2,4
https://api.github.com/repos/golang/go/commits/40d1ec588f492f63637b59e933d6c682d66659a4,cmd/dist: use GOOS=ios for iOS simulator test. Updates #42100. Change-Id: Ib59432bea99a9dd6e25fbd759b31e423dc250f42. Reviewed-on: https://go-review. googlesource. com/c/go/+/265197. Trust: Cherry Zhang <cherryyz@google. com>. Run-TryBot: Cherry Zhang <cherryyz@google. com>. TryBot-Result: Go Bot <gobot@golang. org>. Reviewed-by: Ian Lance Taylor <iant@golang. org>,1,9,9,13.57142857,367,35,FALSE,14,2.571428571,10.48571429,1,1,2,1
https://api.github.com/repos/Homebrew/brew/commits/de8f487b8476756fed684cae4f1d721e5ba4748d,Merge pull request #8985 from issyl0/rm-infrakit-from-prerelease-allowlist. Remove `infrakit` from `GITHUB_PRERELEASE_ALLOWLIST` as it's deprecated,1,1,1,15.73333333,148,12,FALSE,2,6.5,12.33333333,3,3,3,3
https://api.github.com/repos/bitcoin/bitcoin/commits/67d4643a1a763b893ee69f6bbbf59ef1f2cb0d51,"Merge #20152: doc: Update wallet files in files. md. defe48a51f4315f8cc607875a099981593c8cc39 doc: Update wallet files in files. md (Hennadii Stepanov). Pull request description:.   This PR is a #19077 follow up.  and it addresses the [comment](https://github. com/bitcoin/bitcoin/pull/19077#discussion_r504805234):.   > If need to update.  there are two corrections that could be made:.   >.   >  * Line 69 ""Wallets are Berkeley DB (BDB) databases"" is no longer true.   >.   >  * Line 76 ""Wallet lock file"" should say ""BDB wallet lock file"". ACKs for top commit:.   RiccardoMasutti:.     ACK defe48a.   meshcollider:.     ACK defe48a51f4315f8cc607875a099981593c8cc39. Tree-SHA512: 39939f86a9c7842bf06913998305dcbd6209585f1da0fe9c274bac0572eb8464e59176884dd9e2b91312f34efad40cdeb4085ec72c2a2c1b33d16b6ab505140c",1,36,36,9.252307692,819,78,FALSE,20,4.45,10.5,1,2,3,2
https://api.github.com/repos/gatsbyjs/gatsby/commits/db0f3bb0bc6b022352a78ac97578c7b9b16e24ac,chore(release): Publish.  - gatsby-admin@0. 1. 177.  - gatsby-plugin-manifest@2. 4. 36.  - gatsby@2. 24. 89,6,24,4,24.2,108,5,FALSE,10,1.4,21.6,3,2,2,2
https://api.github.com/repos/WordPress/WordPress/commits/7636806a523a53e0521d65a7622a966b859627f2,Media: Fix styling for MediaElement player in media modal. Fixes #43640. Built from https://develop. svn. wordpress. org/trunk@49343. git-svn-id: http://core. svn. wordpress. org/trunk@49103 1a063a9b-81f0-0310-95a4-ce76da25c4cd,5,14,2.8,6.334545455,228,22,TRUE,10,2.3,10.36363636,2,4,3,4
https://api.github.com/repos/gatsbyjs/gatsby/commits/1aa9115aecf0fab351e452faa2fc0d1237402016,chore(docs): Update wording on graphql doc (#27575). Co-authored-by: gatsbybot <mathews. kyle+gatsbybot@gmail. com>,1,7,7,12.00909091,116,11,FALSE,4,3,10.54545455,3,5,5,4.333333333
https://api.github.com/repos/python/cpython/commits/8e3b9f92835654943bb59d9658bb52e1b0f40a22,bpo-42161: Add _PyLong_GetZero() and _PyLong_GetOne() (GH-22993). Add _PyLong_GetZero() and _PyLong_GetOne() functions and a new. internal pycore_long. h header file. Python cannot be built without small integer singletons anymore.,6,92,15.33333333,14.72380952,233,28,FALSE,6,4.666666667,8.321428571,2,3,2,2.333333333
https://api.github.com/repos/facebook/react/commits/f668b6c351c2654fef43e5f1ec24fd72a899d219,Bump to latest eslint-config-fbjs (#20029). * bump package to latest. * update files to respect lint. * disable object-type-delimiter rule to work with prettier. * disable rule to let flow check pass,5,191,38.2,11.04888889,200,27,FALSE,5,6.4,7.407407407,3,5,1,3
https://api.github.com/repos/bitcoin/bitcoin/commits/d67883d01e507dd22d1281f4a4860e79d6a46a47,"Merge bitcoin-core/gui#43: bugfix: Call setWalletActionsEnabled(true) only for the first wallet. 20c9e035543892e322c7134e89eb33115678bb30 gui: Call setWalletActionsEnabled(true) only for the first wallet (Hennadii Stepanov). Pull request description:.   On master (a78742830aa35bf57bcb0a4730977a1e5a1876bc) there is a bug:.   - open an encrypted wallet; please note that the ""Encrypt Wallet. "" menu item is disabled that is expected:.   ![Screenshot from 2020-08-03 12-38-37](https://user-images. githubusercontent. com/32963518/89169084-70060c80-d586-11ea-86b9-05ef38d08f41. png).   - then open any other wallet; note that the ""Encrypt Wallet. "" menu item gets enabled that is wrong:.   ![Screenshot from 2020-08-03 12-42-36](https://user-images. githubusercontent. com/32963518/89169385-d68b2a80-d586-11ea-9813-a533a847e098. png).   This PR fixes this bug. ACKs for top commit:.   jonasschnelli:.     Tested ACK 20c9e035543892e322c7134e89eb33115678bb30 - I could reproduce the issue on master and have verify that this PR fixes it.   achow101:.     ACK 20c9e035543892e322c7134e89eb33115678bb30. Tree-SHA512: 2c9ab94bde8c4f413b0a95c05bf3a1a29f5910e0f99d6639a11dd77758c78af25b060b3fecd78117066ef15b113feb79870bc1347cc04289da915c00623e5787",1,9,9,9.185770751,1245,110,TRUE,23,5.086956522,11.31818182,1,1,5,3.333333333
https://api.github.com/repos/twbs/bootstrap/commits/594efec0f1e81cce7d315eecb9c47cc1e3cff543,Don't wrap the code snippets in our docs (#31679). Co-authored-by: XhmikosR <xhmikosr@gmail. com>,1,2,2,8.266666667,98,12,FALSE,3,4.333333333,8.166666667,4,5,5,4.666666667
https://api.github.com/repos/fastai/fastai/commits/db1833fdad31843747700bfc3a9c7d89a3bb4554,fix CSVLogger to not erase on get_preds() (#2862),2,4,2,8.514285714,50,7,TRUE,1,8,7.142857143,5,5,4,5
https://api.github.com/repos/CocoaPods/CocoaPods/commits/3fd7346c1598d978d92d31c7e8bd79b7eef8f70b,Merge remote-tracking branch 'origin/master' into cs_podOutdatedIgnorePrerelease,73,873,11.95890411,22.4,81,6,FALSE,1,6,13.5,5,4,1,3.333333333
https://api.github.com/repos/gatsbyjs/gatsby/commits/ed31b3583f6f94797697f04b2c887e697c658507,Clean up How Queries Work (#24256). * Clean up How Queries Work. * Update docs/docs/query-behind-the-scenes. md. Co-authored-by: Marcy Sutton <marcy@gatsbyjs. com>. * Update docs/docs/query-behind-the-scenes. md. Co-authored-by: Aisha Blake <aisha. g. blake@gmail. com>. * Update docs/docs/query-behind-the-scenes. md. Co-authored-by: Marcy Sutton <marcy@gatsbyjs. com>. * Update docs/docs/query-behind-the-scenes. md. * Update docs/docs/query-behind-the-scenes. md. * fix: remove trailing whitespace. Co-authored-by: Megan Sullivan <megan@gatsbyjs. com>. Co-authored-by: Marcy Sutton <marcy@gatsbyjs. com>. Co-authored-by: Aisha Blake <aisha. g. blake@gmail. com>,1,8,8,11.66261631,665,63,TRUE,29,2.448275862,10.55555556,1,1,5,3.333333333
https://api.github.com/repos/php/php-src/commits/e6b51ccc58002a4cc3dd2eee22f1c03425480278,Fixed tracing JIT support for aliasses (Zend/tests/bug75420. 13. phpt and ext/standard/tests/streams/bug60106. phpt),1,26,26,8.372727273,117,11,TRUE,4,3,10.63636364,4,3,4,4.666666667
https://api.github.com/repos/openssl/openssl/commits/ea7277fd2e27afa3a173ea30d567f45d7bb3d30d,TEST: fix the DH tests to reproduce the priv_len settings. Some DH tests are done against files generated with '-pkeyopt priv_len:224'. This parameter must of course be reproduced when creating the key with. EVP_PKEY_fromdata().  or there will be a default that's guaranteed to. differ from the key parameters on file. Reviewed-by: Paul Dale <paul. dale@oracle. com>. (Merged from https://github. com/openssl/openssl/pull/13166),1,6,6,8.181818182,429,60,TRUE,11,5.454545455,7.15,1,4,5,4.333333333
https://api.github.com/repos/CocoaPods/CocoaPods/commits/c7c1603f9314eb032fb9aa4b4cc5812b806883c5,Merge pull request #10159 from CocoaPods/merge1100final_into_master. Merge `1-10-stable` (1. 10. 0) into `master`,188,4458,23.71276596,5.344444444,114,9,FALSE,4,3.25,12.66666667,3,3,1,2.333333333
https://api.github.com/repos/twbs/bootstrap/commits/f236667483c33c69a4c052b41e71ac86bfcc8e74,Drop custom file upload plugin in favor of CSS,15,392,26.13333333,3.6,47,9,FALSE,1,9,5.222222222,5,5,1,3.666666667
https://api.github.com/repos/fastai/fastai/commits/9f5b833591f463910d39ee07fc50ce00ecb82095,Added clarification to DataBlock tutorial (#2860),1,4,4,26,50,5,FALSE,1,6,10,5,5,5,5
https://api.github.com/repos/dotnet/core/commits/9729a1f70e22b71dab3beb1135bd95c76169e7e8,add api diff for between rc1 and rc2 (#5370). * add api diff for rc2. * remove system. io. pipelines file,13,362,27.84615385,5.884444444,106,18,FALSE,5,4.2,5.888888889,4,4,1,3
https://api.github.com/repos/golang/go/commits/cf6cfba4d5358404dd890f6025e573a4b2156543,cmd/go/internal/modfetch: update expected tags for TestCodeRepoVersions. Updates #28856. Change-Id: I89c564cefd7c5777904bc00c74617dab693373bf. Reviewed-on: https://go-review. googlesource. com/c/go/+/265819. Trust: Tobias Klauser <tobias. klauser@gmail. com>. Run-TryBot: Tobias Klauser <tobias. klauser@gmail. com>. Reviewed-by: Alberto Donizetti <alb. donizetti@gmail. com>. Reviewed-by: Bryan C.  Mills <bcmills@google. com>. TryBot-Result: Go Bot <gobot@golang. org>,1,2,2,15.12571429,471,42,FALSE,20,2.15,11.21428571,1,2,5,2.666666667
https://api.github.com/repos/jquery/jquery/commits/ef4d6ca6c3a1b276fedc27b1f3a18823276f01a3,Build: Update eslint-config-jquery.  fix linting violations. Closes gh-4696. Ref jquery/eslint-config-jquery#15. Ref jquery/eslint-config-jquery#16,11,22,2,14.29333333,148,12,TRUE,5,2.4,12.33333333,3,4,3,4.333333333
https://api.github.com/repos/WordPress/WordPress/commits/7c32cbf99072aa2cd4fd7062fddee202c635ffda,Revert the improvenents to arranging of postboxes/metaboxes.  [49179].  The current patch fixes about half a dozen problems.  but seems more general improvements are needed to how Screen Options work. See #50699. Built from https://develop. svn. wordpress. org/trunk@49325. git-svn-id: http://core. svn. wordpress. org/trunk@49086 1a063a9b-81f0-0310-95a4-ce76da25c4cd,18,529,29.38888889,7.115196998,368,41,TRUE,13,3.307692308,8.975609756,2,3,1,3
https://api.github.com/repos/angular/angular/commits/9891d67e318c94398b4efdd654291b59b8ec4bf5,docs(zone. js): Update docs property to disable IntersectionObserver (#39429). Update the property in this documentation to reflect the correct syntax for disabling IntersectionObserver. PR Close #39429,1,2,2,10.73333333,203,24,FALSE,4,6.5,8.458333333,3,5,5,4.333333333
https://api.github.com/repos/rust-lang/rust/commits/54ea0f9ccdc16f3d357c296b300606e58c54868d,"Rollup merge of #78351 - RalfJung:validity-unsafe-cell.  r=oli-obk. Move ""mutable thing in const"" check from interning to validity. This moves the check for mutable things (such as `UnsafeCell` or `&mut`) in a`const` from interning to validity.  That means we can give more targeted error messages (pointing out *where* the problem lies).  and we can simplify interning a bit. Also fix the interning mode used for promoteds in statics. r? @oli-obk",10,279,27.9,8.723134328,452,67,TRUE,8,8.625,6.746268657,1,3,1,2.666666667
https://api.github.com/repos/zeromq/libzmq/commits/3033b1ef18bf4e0a44e4b68bdbad14762783fb59,Problem: coverage build is using old distro. Solution: update to default distro,1,7,7,12.4,80,12,FALSE,2,6,6.666666667,5,5,5,5
https://api.github.com/repos/rust-lang/rust/commits/497ee0e1ffd3aa320e47144a5bac2a25058173e8,param -> parameter.  pat -> pattern,1,6,6,10.8,36,4,FALSE,2,3,9,1,3,5,3
https://api.github.com/repos/CocoaPods/CocoaPods/commits/59e31a423a4ef1ce09fcda896a297ffc728b1743,Do not add dependencies to 'Link Binary With Libraries' phase.,7,50,7.142857143,10,64,10,FALSE,2,5,6.4,5,5,2,4
https://api.github.com/repos/bitcoin/bitcoin/commits/778cd0d88d8d6dd22d7f0fb740f3ca3dbb2280a1,[tests] Remove getnettotals/getpeerinfo consistency test. We make no guarantees about consistency between RPC calls.,1,32,32,13.2952381,118,14,FALSE,3,4.666666667,8.428571429,3,4,4,3.666666667
https://api.github.com/repos/golang/go/commits/b85c2dd56c4ecc7bf445bd1615467ecd38598eee,cmd/link: enable internal linking by default on darwin/arm64. With previous CLs.  internal linking without cgo should work well. Enable it by default.  And stop always requiring cgo. Enable tests that were previously disabled due to the lack of. internal linking. Updates #38485. Change-Id: I45125b9c263fd21d6847aa6b14ecaea3a2989b29. Reviewed-on: https://go-review. googlesource. com/c/go/+/265121. Trust: Cherry Zhang <cherryyz@google. com>. Reviewed-by: Austin Clements <austin@google. com>. Reviewed-by: Than McIntosh <thanm@google. com>,7,25,3.571428571,10.41003584,541,62,FALSE,18,3.5,8.725806452,1,1,2,1.333333333
https://api.github.com/repos/Homebrew/brew/commits/35a7e336bef8b972495ef135571feceb46c3c57c,node: add support for npm 7. Co-Authored-By: Mike McQuaid <mike@mikemcquaid. com>,2,5,2.5,9.333333333,82,10,FALSE,3,3.666666667,8.2,4,5,5,4.666666667
https://api.github.com/repos/vercel/next.js/commits/046deab685254b906b13b2c247f6118e864ef44c,Add absolute import example (#17342). Might be easier for some users to see a whole app set up with it,1,7,7,8.010526316,103,19,FALSE,2,10,5.421052632,4,4,5,4.333333333
https://api.github.com/repos/php/php-src/commits/84a0d4880c76b3b6d8b089741c5f1419cbf02f03,Merge branch 'PHP-8. 0'. * PHP-8. 0:.   Fixed run-time binding of preloaded dynamically declared function,1,6,6,7.626666667,106,12,TRUE,5,3,8.833333333,4,5,5,5
https://api.github.com/repos/rust-lang/rust/commits/8b8b6392ba1c1e41c4f235bce1669953c9cd3b72,Add comment explaining why in these tests unsized locals are not accepted,2,4,2,4.8,74,12,FALSE,1,12,6.166666667,5,5,5,5
https://api.github.com/repos/angular/angular/commits/a7518eb631b7f90d621bdd4c4ba761931d678c26,docs: Fix typo in changelog (#39223). PR Close #39223,1,6,6,7.114285714,54,7,TRUE,2,4.5,7.714285714,5,5,5,5
https://api.github.com/repos/jquery/jquery/commits/5c2d08704e289dd2745bcb0557b35a9c0e6af4a4,Event: Don't crash if an element is removed on blur. In Chrome.  if an element having a `focusout` handler is blurred by. clicking outside of it.  it invokes the handler synchronously.  If. that handler calls `. remove()` on the element.  the data is cleared. leaving private data undefined.  We're reading a property from that. data so we need to guard against this. Fixes gh-4417. Closes gh-4799,2,35,17.5,6.78021978,398,65,TRUE,14,4.714285714,6.123076923,2,4,4,4.333333333
https://api.github.com/repos/zeromq/libzmq/commits/eb7b7db05d50adb90fcdf5067a6947f94d894869,Problem: assert used instead of zmq_assert. Solution: replace by zmq_assert,2,22,11,10,76,10,FALSE,2,5,7.6,5,5,5,5
https://api.github.com/repos/ruby/ruby/commits/8e06075442ade74a0c23afad235742c41b3ceac8,"Revert ""Fixed typo"". This reverts commit 379a5ca539af0e954b1cdf63b9365ad208b9c7f3. This ""typo"" is intentional to test the transposition detection by. did_you_mean. ",1,2,2,12.55111111,171,18,TRUE,5,3.6,9.5,4,5,5,5
https://api.github.com/repos/jupyter/notebook/commits/4ee4bb24f9c2bd3418c9d3b8a46fc2a26c515067,Use unittest assertion methods for improved logging,1,10,10,14.22857143,52,7,FALSE,1,7,7.428571429,5,5,5,5
https://api.github.com/repos/v8/v8/commits/73975a9fdf99c2dd36999e7207c5662ad849bf3f,[stress_snapshot] Skip failing test tools/processor. Tbr: cbruni@chromium. org. Bug: v8:11073. Change-Id: Iceb85d403428d73004c60ae98041f2626be45b55. Reviewed-on: https://chromium-review. googlesource. com/c/v8/v8/+/2504254. Reviewed-by: Jakob Gruber <jgruber@chromium. org>. Commit-Queue: Jakob Gruber <jgruber@chromium. org>. Auto-Submit: Jakob Gruber <jgruber@chromium. org>. Cr-Commit-Position: refs/heads/master@{#70840},1,3,3,19.06181818,425,33,FALSE,15,2.2,12.87878788,1,2,5,2.666666667
https://api.github.com/repos/docker/machine/commits/a773edc6f013c9fab13360fea0192fd335023a16,Add intel-go/cpuid using constraint. Signed-off-by: Christopher Crone <christopher. crone@docker. com>,14,2359,168.5,21,103,10,FALSE,4,2.5,10.3,5,4,1,3.333333333
https://api.github.com/repos/jquery/jquery/commits/bfb6897c558dfdccff7ac5fc377b08e806525be3,Release: Remove an unused chalk dependency. Chalk was used for a Sizzle version check that's no longer there on `master`. Closes gh-4712,1,3,3,8.387878788,137,22,TRUE,3,7.333333333,6.227272727,3,5,5,5
https://api.github.com/repos/CocoaPods/CocoaPods/commits/e9a8782fa51d6733c70085d51252f13991ff5ddf,[CHANGELOG] Add empty Master section,1,11,11,2,37,5,FALSE,1,5,7.4,4,5,5,4.666666667
https://api.github.com/repos/zeromq/libzmq/commits/446d61a13b95b7aaa1881779f4d6771fc1235d18,Merge pull request #4029 from sigiesec/test-coverage-2. Add test covering tcp_address_mask_t and remove unused code,5,280,56,11.83076923,116,13,FALSE,2,7,8.923076923,3,5,2,3.333333333
https://api.github.com/repos/openssl/openssl/commits/b78c777ee3038920064f5c2e3eb2a4f66a35119d,APPS: Implement load_keyparams() to load key parameters. 'openssl dsaparam' is affected as an obvious usage example. Reviewed-by: Paul Dale <paul. dale@oracle. com>. (Merged from https://github. com/openssl/openssl/pull/13191),5,58,11.6,13.79340659,227,26,FALSE,7,3.714285714,8.730769231,2,4,3,3
https://api.github.com/repos/Homebrew/brew/commits/638fb5b9629ff15f52ceb8aeb0ebac2a36dd4e85,Merge pull request #8981 from rohitgeddam/master. Remove IRC mention from README. md,1,1,1,8.739393939,85,11,FALSE,3,4,7.727272727,4,5,5,4.666666667
https://api.github.com/repos/openssl/openssl/commits/6be235a0927473a2fddad83dd30ce4474ae53880,Prefix crlNumber output with 0x. When the crlNumber field contains only 0-9 digits.  the output is. ambiguous as to what base it's in.  which can be confusing.  Adding this. prefix makes it explicit that it's in hex. CLA: trivial. Reviewed-by: Dmitry Belyavskiy <beldmit@gmail. com>. Reviewed-by: Paul Dale <paul. dale@oracle. com>. (Merged from https://github. com/openssl/openssl/pull/12434),1,1,1,8.205786164,394,53,TRUE,15,3.6,7.433962264,1,4,5,4.333333333
https://api.github.com/repos/v8/v8/commits/b16c7e5b1c71af7c0f3bdcbc9fee551cdf87264d,"Reland ""[Heap]: Convert Sweep to Job"". This is a reland of 795c0b1c7b0de3d697f0dda00b701ac8f36c0179. Reason for revert:. TSAN failures https://ci. chromium. org/p/v8/builders/ci/V8%20Linux64%20TSAN/33884. Safe to reland as-is with fix to EagerUnmappingInCollectAllAvailableGarbage. https://chromium-review. googlesource. com/c/v8/v8/+/2502809. Original change's description:. > [Heap]: Convert Sweep to Job. >. > max concurrency is inferred from queue size for OLD_SPACE & MAP_SPACE. > Extra Sweeper::TearDown() in MarkCompactCollector::TearDown() is needed. > to cancel job. >. > Change-Id: Iafba7d7d24e8f6e5c5a1d5c0348dea731f0ac224. > Reviewed-on: https://chromium-review. googlesource. com/c/v8/v8/+/2480783. > Commit-Queue: Etienne Pierre-Doray <etiennep@chromium. org>. > Reviewed-by: Ulan Degenbaev <ulan@chromium. org>. > Cr-Commit-Position: refs/heads/master@{#70767}. Change-Id: Id9a5baceed4664f53da39597af56a2067e4f3c6f. Reviewed-on: https://chromium-review. googlesource. com/c/v8/v8/+/2502808. Reviewed-by: Ulan Degenbaev <ulan@chromium. org>. Commit-Queue: Etienne Pierre-Doray <etiennep@chromium. org>. Cr-Commit-Position: refs/heads/master@{#70845}",3,132,44,15.54237082,1168,94,TRUE,35,3.028571429,12.42553191,1,1,2,2.333333333
https://api.github.com/repos/CocoaPods/CocoaPods/commits/a31fa8d7a4fc97253fc780a7fc177cdb8c3fb267,Create a sample project and build script for generating an xcframework with Xcode 12 style debug symbols,17,1130,66.47058824,11.4,105,16,FALSE,1,17,6.5625,4,5,1,3.333333333
https://api.github.com/repos/nodejs/node/commits/245ec6f5abebac189d442c872b43ee9a5e37ab5a,doc. test: update v8 method doc and comment. Update documentation and test comment for v8. cachedDataVersionTag(). PR-URL: https://github. com/nodejs/node/pull/35795. Reviewed-By: Daijiro Wachi <daijiro. wachi@gmail. com>. Reviewed-By: Luigi Pinca <luigipinca@gmail. com>. Reviewed-By: Gireesh Punathil <gpunathi@in. ibm. com>,2,19,9.5,15.47301587,327,36,FALSE,14,2.571428571,9.083333333,1,2,5,2.666666667
https://api.github.com/repos/v8/v8/commits/5282f5c7c73d16d6837b01f71880e494a315646d,[turboprop] Fix DCHECK in SetOptimizedCode. With --always-opt it is possible that we set optimized code even. when the marker is LogFirstExecution. Bug=v8:9684. TBR=rmcilroy@chromium. org. Change-Id: Ic45db4a6344a7345bee7ffd075b390d442c540fa. Reviewed-on: https://chromium-review. googlesource. com/c/v8/v8/+/2505710. Reviewed-by: Ross McIlroy <rmcilroy@chromium. org>. Commit-Queue: Mythri Alle <mythria@chromium. org>. Cr-Commit-Position: refs/heads/master@{#70844},1,9,9,17.31047619,468,42,TRUE,15,2.8,11.14285714,1,2,5,3.666666667
https://api.github.com/repos/twbs/bootstrap/commits/b2be299f63d2b0d45d961d046d506a2c09435f41,Fix Firefox padding issue. Caused by https://searchfox. org/mozilla-central/rev/0b7007a23bc16c857f894140e12f307bfeef2fdd/layout/style/res/forms. css#494,1,3,3,9.788888889,153,9,TRUE,4,2.25,17,3,5,5,5
https://api.github.com/repos/angular/angular/commits/fdb6b98d80f9df5fbd05e81063c04dbfbc284467,docs: add `enableI18nLegacyMessageIdFormat` option to Angular compiler options guide (#39453). The ViewEngine message extraction generated a variety of legacy formats. for extracted message ids.  These formats have a number of issues related. to whitespace handling and reliance upon information inside the original. HTML of a template.  The new message format is more resilient.  and can be. generated directly from calls to `$localize`.  This allows messages in. application code to have the same id as identical messages in templates. As a first step in migrating projects away from the legacy id format. for i18n messages.  newly generated projects now turn off the legacy ids. See https://github. com/angular/angular-cli/pull/19232. This commit updates the documentation to include information about this. option.  since it is now publicly exposed in new CLI projects. PR Close #39453,2,19,9.5,10.9975,890,128,FALSE,20,6.5,6.953125,1,3,5,3
https://api.github.com/repos/ruby/ruby/commits/fbb2d30ee69c68ffad6287c12ca5a43753cd1b9a,Add specs that #caller and #caller_locations include core library methods defined in Ruby,2,24,12,11.35384615,90,13,FALSE,1,13,6.923076923,4,5,4,4.333333333
https://api.github.com/repos/jimweirich/builder/commits/6ca4da1572e512cb79f56c2a1a519f5f6453dd60,Stub out rdoc files if rdoc is not loaded.,1,4,4,1.8,44,9,FALSE,2,4.5,4.888888889,5,5,5,5
https://api.github.com/repos/postgres/postgres/commits/f893e68d761adbee7f888109b1adf76151e3e17a,Add select_common_typmod(). This accompanies select_common_type() and select_common_collation(). Typmods were previously combined using hand-coded logic in several. places.   The logic in select_common_typmod() isn't very exciting.  but. it makes the code more compact and readable in a few locations.  and in. the future we can perhaps do more complicated things if desired. As a small enhancement.  the type unification of the direct and. aggregate arguments of hypothetical-set aggregates now unifies the. typmod as well using this new function.  instead of just dropping it. Reviewed-by: Heikki Linnakangas <hlinnaka@iki. fi>. Discussion: https://www. postgresql. org/message-id/flat/97df3af9-8b5e-fb7f-a029-3eb7e80d7af9@2ndquadrant. com,5,96,19.2,11.92989011,742,91,FALSE,20,4.55,8.153846154,1,2,2,1.666666667
https://api.github.com/repos/postgres/postgres/commits/ad77039fad0f4128b0e4a05ddbf5dbc3ab5f3fa4,Calculate extraUpdatedCols in query rewriter.  not parser. It's unsafe to do this at parse time because addition of generated. columns to a table would not invalidate stored rules containing. UPDATEs on the table .  but there might now be dependent generated. columns that were not there when the rule was made.   This also fixes. an oversight that rewriteTargetView failed to update extraUpdatedCols. when transforming an UPDATE on an updatable view.   (Since the new. calculation is downstream of that.  rewriteTargetView doesn't actually. need to do anything; but before.  there was a demonstrable bug there. ). In v13 and HEAD.  this leads to easily-visible bugs because (since. commit c6679e4fc) we won't recalculate generated columns that aren't. listed in extraUpdatedCols.   In v12 this bitmap is mostly just used. for trigger-firing decisions.  so you'd only notice a problem if a. trigger cared whether a generated column had been updated. I'd complained about this back in May.  but then forgot about it. until bug #16671 from Michael Paul Killian revived the issue. Back-patch to v12 where this field was introduced.   If existing. stored rules contain any extraUpdatedCols values.  they'll be. ignored because the rewriter will overwrite them.  so the bug will. be fixed even for existing rules.   (But note that if someone were. to update to 13. 1 or 12. 5.  store some rules with UPDATEs on tables. having generated columns.  and then downgrade to a prior minor version. they might observe issues similar to what this patch fixes.   That. seems unlikely enough to not be worth going to a lot of effort to fix. ). Discussion: https://postgr. es/m/10206. 1588964727@sss. pgh. pa. us. Discussion: https://postgr. es/m/16671-2fa55851859fb166@postgresql. org,9,162,18,8.925252525,1769,264,TRUE,54,5.037037037,6.700757576,1,1,1,2
https://api.github.com/repos/angular/angular/commits/1508fd290b0513eb9338b589b0fdccc9f7f65f8a,docs: update Learning Angular book edition (#39400). Update the resource Learning Angular book into the third edition. PR Close #39400,1,6,6,11.28888889,135,18,FALSE,3,6.666666667,7.5,3,5,5,4.333333333
https://api.github.com/repos/jimweirich/builder/commits/5c3d94a89689de38348fb17d34adf721bd10c63d,Squashed commit of the following:. commit 430b9762c436f180db8686407b5002cb4f71e8b9. Author: Dermot Haughey <hderms@gmail. com>. Date:   Tue Jan 15 19:36:00 2013 -0600.     Add test. commit b9adb4d916ae1cf897ea2c1f39f5ad0c0def4460. Author: Dermot Haughey <hderms@gmail. com>. Date:   Tue Jan 15 19:35:50 2013 -0600.     Cleanup of code. commit 8e8a7873b48e956e4642d31265dc767b5fafb096. Author: Dermot Haughey <hderms@gmail. com>. Date:   Tue Jan 15 19:25:42 2013 -0600.     Make changes to add option,3,26,8.666666667,3.791666667,500,45,FALSE,16,3.5625,11.11111111,1,1,5,2.333333333
https://api.github.com/repos/microsoft/TypeScript/commits/40b81224f9549da5cca8dcb799a29fcd9aa96016,Remove string literals from unions with matching template literals (#41276). * Remove string literals from unions with matching template literals. * Add tests. * Accept new baselines,6,84,14,17.95217391,183,23,FALSE,4,6.75,7.956521739,3,5,1,3
https://api.github.com/repos/docker/machine/commits/7de3f3c0f429ab0a8018da3406aad5fd594dd003,"Removing ""dgageot"" handle form ""Core maintainers"" since it's description doesn't exist anymore (see 60613ca470897ae9cfe375d8905383695a2781fd). Signed-off-by: Ulysses Souza <ulysses. souza@docker. com>",1,1,1,14,207,20,FALSE,4,5,10.35,2,2,5,3
https://api.github.com/repos/jquery/jquery/commits/d96111e18b42ae1bc7def72a8a0d156ea39e4d0e,Tests: Remove remaining obsolete jQuery. cache references. PR gh-4586 removed some of those but not all. Closes gh-4715. Ref gh-4586,2,39,19.5,7.6,133,20,TRUE,5,4,6.65,3,3,4,4.333333333
https://api.github.com/repos/php/php-src/commits/793bf12f8c322438ffaec1882cce7eaed5233d4f,Merge branch 'PHP-7. 4' into PHP-8. 0. * PHP-7. 4:.   Fix bug #79375,7,312,44.57142857,0.533333333,69,8,TRUE,6,2.166666667,8.625,4,4,1,4
https://api.github.com/repos/rails/rails/commits/7c67dade05ce1e47b869c84bf8947baa9e57587b,Merge pull request #40414 from Shopify/handle-frozen-paylaods. Handle frozen payloads in AR::Type::Serialized,2,21,10.5,10,110,10,FALSE,2,5.5,11,3,5,5,4.333333333
https://api.github.com/repos/ruby/ruby/commits/9190451fcf5af098924b19105a41c88f6165b0c7,* 2020-10-29 [ci skip],1,2,2,0.8,23,2,FALSE,1,4,11.5,1,1,5,2.333333333
https://api.github.com/repos/WordPress/WordPress/commits/769b29f9620e1c6c57ca85e681b6a17cc1debdb8,Build/Test Tools: Add `Authorization` headers support to `local-env`. This ensures that basic authorization is passed from nginx to PHP. Props Clorith. Fixes #51646. Built from https://develop. svn. wordpress. org/trunk@49336. git-svn-id: http://core. svn. wordpress. org/trunk@49097 1a063a9b-81f0-0310-95a4-ce76da25c4cd,1,2,2,7.015686275,321,34,TRUE,12,2.916666667,9.441176471,1,2,5,3.666666667
https://api.github.com/repos/jquery/jquery/commits/a503c691dc06c59acdafef6e54eca2613c6e4032,Build: Explicitly exclude the queue module from the slim build. The queue module is not present in the slim build as it depends on deferred. and our Gruntfile specifies excluding deferred should also exclude queue:. https://github. com/jquery/jquery/blob/3. 5. 1/Gruntfile. js#L66. This commit makes this exclusion explicit so that the queue module never. accidentally gets re-included in the slim build if it stopped importing from. the deferred module directly. Closes gh-4793,1,2,2,10.41594203,479,69,TRUE,12,5.833333333,6.942028986,1,2,5,3.666666667
https://api.github.com/repos/Homebrew/brew/commits/e1b988770a041f9e4458ea3d88cfa5e9be0eaaa8,Merge pull request #9000 from miccal/shared-audits-update. shared_audits: add syntax-highlight to GITHUB_PRERELEASE_ALLOWLIST,1,1,1,14,126,10,FALSE,2,5.5,12.6,3,3,5,3.666666667
https://api.github.com/repos/vercel/next.js/commits/9a770bde841d39a5351b9e371b914c7f6dd84e70,Add fetching 404 SSG data on fallback notFound (#18214),4,110,27.5,2.8,56,7,FALSE,1,9,8,5,5,1,3.666666667
https://api.github.com/repos/rails/rails/commits/e47068c3f3ad0d657c3431e3a27b5068dc66992f,Use `attribute_before_type_cast` in the internal. `read_attribute_before_type_cast` has become bit slower since #40395.,3,8,2.666666667,16.01212121,121,11,FALSE,3,4,11,3,5,5,4.333333333
https://api.github.com/repos/ruby/ruby/commits/915024e3b7f0fa9d5d0e4890499b7446df30ab73,* 2020-10-28 [ci skip],1,2,2,0.8,23,2,FALSE,1,4,11.5,1,1,5,2.333333333
https://api.github.com/repos/facebook/react/commits/e9f5ad2584ddb0d42a96045c9b23d0b4d9311331,Remove Set bookkeeping for root events (#19990). * Remove dead code branch. This function is only called when initializing roots/containers (where we skip non-delegated events) and in the createEventHandle path for non-DOM nodes (where we never hit this path because targetElement is null). * Move related functions close to each other. * Fork listenToNativeEvent for createEventHandle. It doesn't need all of the logic that's needed for normal event path. And the normal codepath doesn't use the last two arguments. * Expand test coverage for non-delegated events. This changes a test to fail if we removed the event handler Sets.  Previously.  we didn't cover that. * Add DEV-level check that top-level events and non-delegated events do not overlap. This makes us confident that they're mutually exclusive and there is no duplication between them. * Add a test verifying selectionchange deduplication. This is why we still need the Set bookkeeping.  Adding a test for it. * Remove Set bookkeeping for root events. Root events don't intersect with non-delegated bubbled events (so no need to deduplicate there).  They also don't intersect with createEventHandle non-managed events (because those don't go on the DOM elements).  So we can remove the bookeeping because we already have code ensuring the eager subscriptions only run once per element. I've moved the selectionchange special case outside.  and added document-level deduplication for it alone. Technically this might change the behavior of createEventHandle with selectionchange on the document.  but we're not using that.  and I'm not sure that behavior makes sense anyway. * Flow,3,254,84.66666667,11.45876419,1646,244,FALSE,26,9.730769231,6.745901639,1,1,1,1
https://api.github.com/repos/gatsbyjs/gatsby/commits/eb2694e2c452166d9dad5f4151a5c5bc9e0fa66d,fix (docs): dictionary. txt: 'redux' -> 'Redux' (#27482). Co-authored-by: Lennart <lekoarts@gmail. com>,15,72,4.8,13,104,10,TRUE,4,3,10.4,4,5,1,4.333333333
https://api.github.com/repos/WordPress/WordPress/commits/f4f72498c08704f1bd2306dd425a38e6f03761fa,Privacy: Show notices for both failed and successful bulk actions. Props javorszky.  garrett-eclipse.  hellofromTonya. Fixes #44081. Built from https://develop. svn. wordpress. org/trunk@49331. git-svn-id: http://core. svn. wordpress. org/trunk@49092 1a063a9b-81f0-0310-95a4-ce76da25c4cd,3,116,38.66666667,8.238176638,288,27,TRUE,13,2.153846154,10.66666667,2,2,1,2.666666667
https://api.github.com/repos/docker/machine/commits/15cde711f72556a36efb9824b0db5b74de3f46f5,Fix typo. Signed-off-by: Mikhail Grachev <work@mgrachev. com>,1,2,2,12.36190476,62,7,TRUE,3,2.333333333,8.857142857,5,5,5,5
https://api.github.com/repos/Alamofire/Alamofire/commits/2777659076fda38bd4e487739ee331c7a65b5924,Prepare 5. 2. 1 (#3208). * Version to 5. 2. 1. * Update Jazzy docs.,265,1070,4.037735849,6.966666667,69,6,FALSE,8,1.875,11.5,5,5,1,3.666666667
https://api.github.com/repos/torvalds/linux/commits/1acd4577a66f5125ede038ee16c33d05ddcaf153,dt-bindings: i2c: convert i2c-cros-ec-tunnel to json-schema. Convert the google. cros-ec-i2c-tunnel binding to YAML and add it as a. property of google. cros-ec. yaml. Reviewed-by: Enric Balletbo i Serra <enric. balletbo@collabora. com>. Signed-off-by: Ricardo Ca√±uelo <ricardo. canuelo@collabora. com>. Link: https://lore. kernel. org/r/20201021114308. 25485-2-ricardo. canuelo@collabora. com. [robh: add ref to i2c-controller. yaml]. Signed-off-by: Rob Herring <robh@kernel. org>,3,110,36.66666667,12.63636364,482,55,FALSE,22,2.5,8.763636364,1,3,1,1.666666667
https://api.github.com/repos/twbs/bootstrap/commits/0b5fc69a4e4a8bbc4795d3a50a2a54acc66832f7,Update anchor-js to v4. 3. 0.  (#31951),1,6,6,0.4,40,4,FALSE,4,1.75,10,4,5,5,4.666666667
https://api.github.com/repos/apache/hadoop/commits/6ea2731c2b587d7c09e16c96522a9c0eca75e9da,HADOOP-17319.  Update the checkstyle config to ban some guava functions.  (#2400),1,1,1,1.333333333,82,10,FALSE,3,3.666666667,8.2,4,5,5,4.666666667
https://api.github.com/repos/zeromq/libzmq/commits/dfc85af4d04e818698f7775f25ac0efbd26bcc3e,using '_M_ARM' macros for Windows ARM comilation (#4051). [why]. This is a standard microsoft compiler macros https://docs. microsoft. com/en-us/cpp/preprocessor/predefined-macros?view=vs-2019. This macros is defined for example for Windows 10 core Iot (for example paspberry pi windows compilation). Co-authored-by: Davit Kalantaryan <davit. kalantar@desy. de>,1,2,2,12.77777778,362,40,FALSE,9,4.666666667,9.05,1,2,5,2.666666667
https://api.github.com/repos/ruby/ruby/commits/8f9c113f354f6d5d1a430d47ca0cb1c1438bee93,Added benchmark of vm_send by variable [ci skip],1,3,3,8.2,49,8,FALSE,1,8,6.125,5,5,5,5
https://api.github.com/repos/torvalds/linux/commits/bf9a76a470d83355200adaa5d5b55d118f229ecb,"arch/um: partially revert the conversion to __section() macro. A couple of um files ended up not including the header file that defines. the __section() macro.  and the simplest fix is to just revert the change. for those files. Fixes: 33def8498fdd treewide: Convert macro and uses of __section(foo) to __section(""foo""). Reported-and-tested-by: Guenter Roeck <linux@roeck-us. net>. Cc: Joe Perches <joe@perches. com>. Signed-off-by: Linus Torvalds <torvalds@linux-foundation. org>",2,4,2,8.383333333,485,64,TRUE,12,5.333333333,7.578125,1,3,5,4
https://api.github.com/repos/microsoft/TypeScript/commits/292b778204ad2ce071f12ab872243b7e404aad90,LEGO: Merge pull request 41272. LEGO: Merge pull request 41272,1,9,9,1.6,63,8,FALSE,2,5,7.875,5,5,5,5
https://api.github.com/repos/fastai/fastai/commits/30b907cc523ad08809d88aef8a90eda6a2b46b9a,clean,1,36,36,0.4,6,1,FALSE,1,1,6,1,5,4,3.333333333
https://api.github.com/repos/rust-lang/rust/commits/1a64e570c6d3bf19a387f96bcb0bd09e51caee22,Rollup merge of #78365 - lcnr:const-eval-obj-safety.  r=oli-obk. check object safety of generic constants. As `Self` can only be effectively used in constants with `const_evaluatable_checked` this should not matter outside of it. Implements the first item of #72219. > Object safety interactions with constants. r? @oli-obk for now cc @nikomatsakis,10,296,29.6,10.57142857,349,45,FALSE,7,7,7.755555556,2,3,1,2
https://api.github.com/repos/jupyter/notebook/commits/1550410229e302ecf74d5bf82d5caba6e6296a64,Merge pull request #5799 from mriedem/5798-json-logging. Add support for JSON formatted logs,5,142,28.4,5.836363636,93,11,FALSE,2,6,8.454545455,5,5,1,3.666666667
https://api.github.com/repos/php/php-src/commits/d928c5828186a31c76b1553da2d07800d6761072,Merge branch 'PHP-7. 4' into PHP-8. 0. * PHP-7. 4:.   Handle mysqli errors in more cases.   Sync test with master,3,46,15.33333333,0.914285714,114,16,FALSE,7,2.857142857,7.125,4,5,3,4
https://api.github.com/repos/microsoft/TypeScript/commits/80024b02ab801cffa962d0669f443e4ec7181f04,LEGO: check in for master to temporary branch.,6,54,9,6.6,48,8,FALSE,2,4,6,5,5,2,4
https://api.github.com/repos/gatsbyjs/gatsby/commits/49fdb53ecd1857b67d7bb078bcd2bb42e352b7cb,fix(gatsby-plugin-manifest): fix plugin option schema and add a test for it (#27565). * fix(gatsby-plugin-manifest): fix plugin option schema and add a test for it. * Remove . only. * Fix dependency version,3,20,6.666666667,8.085925926,207,27,TRUE,5,6.4,7.666666667,1,4,5,4.333333333
https://api.github.com/repos/Homebrew/brew/commits/75e2f1a2a9cd3d09aeae7a5fbbae81c1edc2045e,sorbet: Update RBI files. Autogenerated by the [sorbet](https://github. com/Homebrew/brew/blob/master/. github/workflows/sorbet. yml) workflow.,2,15,7.5,14.13333333,145,12,FALSE,6,2,12.08333333,4,3,5,4
https://api.github.com/repos/bitcoin/bitcoin/commits/fa463f11637739eced87ce892b59aa22e28a71d5,Merge #20247: fuzz: Check for addrv1 compatibility before using addrv1 serializer.  Fuzz addrv2 serialization. 903f3d06275312aa4000b765d2287339210c61c1 fuzz: Check for addrv1 compatibility before using addrv1 serializer (practicalswift). Pull request description:.   Fuzz addrv2 address serialization.   Check for addrv1 compatibility before using addrv1 serializer.   Before this.   ```.   $ src/test/fuzz/netaddr_deserialize.   netaddr_deserialize: test/fuzz/deserialize. cpp:84: void.       (anonymous namespace)::AssertEqualAfterSerializeDeserialize(const T &) [T = CNetAddr]:.       Assertion `Deserialize<T>(Serialize(obj)) == obj' failed.   ```.   After this patch:.   ```.   $ src/test/fuzz/netaddr_deserialize.   ‚Ä¶.   ```. ACKs for top commit:.   MarcoFalke:.     review ACK 903f3d06275312aa4000b765d2287339210c61c1. Tree-SHA512: a9ddb71cc31c877fa3dd78dbc908d1e30b4790398fefe19e6541f1fca81e8560f7a11fa099ef3943b94401974c472e523484fdf66f1c23ff2e998558ba4b65de,1,14,14,14.53333333,968,69,FALSE,23,3.47826087,14.02898551,1,1,5,2.333333333
https://api.github.com/repos/ruby/ruby/commits/69837229d74813c807e9d079aaee33aec2c7a4d0,rational. c: convert a numerator to rational before calling fdiv in Kernel. Rational() (#3702). This makes `Rational(BigDecimal(1).  60) == Rational(1.  60)`. [Bug #16518],2,18,9,16.58412698,172,18,FALSE,7,3.285714286,9.555555556,3,3,5,3.666666667
https://api.github.com/repos/php/php-src/commits/67598afbdb3bc51b4e409ddb7bd154adaa4443c3,Merge branch 'PHP-8. 0'. * PHP-8. 0:.   Handle mysqli errors in more cases.   Sync test with master,3,46,15.33333333,0.933333333,100,14,FALSE,6,2.833333333,7.142857143,4,5,3,4
https://api.github.com/repos/WordPress/WordPress/commits/85e954aa3721e068172e770a742c49feb50e75b1,Login: Avoid AJAX error on login screen. This has to do with the password generator.  which does not need to generate and cache passwords in JS as that's already done in PHP. Props adamsilverstein.  sarahricker. Fixes #51613. Built from https://develop. svn. wordpress. org/trunk@49337. git-svn-id: http://core. svn. wordpress. org/trunk@49098 1a063a9b-81f0-0310-95a4-ce76da25c4cd,3,11,3.666666667,6.371428571,381,48,TRUE,14,3.5,7.9375,1,1,5,3.333333333
https://api.github.com/repos/vercel/next.js/commits/6d4395f22cb059b5e5d7bc7884ba46a46583d6b7,fix: Order `moduleFileExtensions` left-to-right (#18328). Order moduleFileExtensions from most used to least used extensions. Sources: https://jestjs. io/docs/en/configuration#modulefileextensions-arraystring. and facebook/jest#7616,2,4,2,14.77333333,233,18,TRUE,5,3.8,12.94444444,2,4,5,4.666666667
https://api.github.com/repos/golang/go/commits/e3c58bbeb8c76fa3abc0f7153edbab72208c1f88,os: do not use procfs for os. Executable in dragonfly.   procfs(5) is not always mounted in DragonFly BSD.  for example during.   the binary package build with synth.  os. Executable() consumers.   will then fail.  we've spotted this when trying to build tinygo:.     [. ].     copying source files.     . /build/tinygo build-builtins -target=armv6m-none-eabi [. ].     panic: could not get executable path: readlink /proc/curproc/file:.     no such file or directory.     [. ].   Use KERN_PROC_PATHNAME as FreeBSD does. Change-Id: Ic65bea02cd0309fb24dec8ba8d2b151d1acde67b. GitHub-Last-Rev: 083120a43b3158bb45d7e1a66fa32e3335a2d407. GitHub-Pull-Request: golang/go#36826. Reviewed-on: https://go-review. googlesource. com/c/go/+/216622. Run-TryBot: Tobias Klauser <tobias. klauser@gmail. com>. TryBot-Result: Go Bot <gobot@golang. org>. Reviewed-by: Tobias Klauser <tobias. klauser@gmail. com>. Trust: Brad Fitzpatrick <bradfitz@golang. org>,4,84,21,11.79942726,942,97,FALSE,36,2.888888889,9.711340206,1,1,2,1.333333333
https://api.github.com/repos/jimweirich/builder/commits/28abeb71322d1fa2be5dd1f5fb8f356a8b6e2b44,Add travis-ci config.,1,9,9,13.93333333,23,3,FALSE,2,1.5,7.666666667,3,5,5,4.333333333
https://api.github.com/repos/apache/hadoop/commits/31477a224f2eddc78e19a9426f5ec6182193cc00,YARN-10460.  Upgrading to JUnit 4. 13 causes tests in TestNodeStatusUpdater to fail.  Contributed by Peter Bacsko,3,20,6.666666667,7.114285714,114,14,FALSE,4,4,8.142857143,4,5,5,4.666666667
https://api.github.com/repos/CocoaPods/CocoaPods/commits/557aa01283f166991f2f29e9ba7ae9dafc8fd2ea,Create a BananaLib that will be used to build an xcframework using the Xcode 11 style of debug symbol placement,10,441,44.1,13.91578947,112,19,FALSE,1,20,5.894736842,3,5,1,3
https://api.github.com/repos/twbs/bootstrap/commits/afc0e83ecc00e748a617861be3318522069bd3eb,Update bs-table shortcode (#31803),1,12,12,14.53333333,35,3,FALSE,1,4,11.66666667,2,5,5,4
https://api.github.com/repos/twbs/bootstrap/commits/4fca7ddd7349f657fccf9c8864fc64f4b1e4e5a6,"Update optimize. md. For some weird reason.  using ""Exports"" as the callout header leads to TypeError coming from clipboard. js",1,7,7,3.6,132,20,FALSE,5,4,6.6,4,4,5,4.333333333
https://api.github.com/repos/Homebrew/brew/commits/672bb870ef44d546e4a25eab02c0be8e01fa2cf8,Make python@3. 9 the main formula,1,2,2,9,34,5,FALSE,2,3,6.8,5,5,5,5
https://api.github.com/repos/gatsbyjs/gatsby/commits/5acfb605e971a6296a4dd588eb5a96031f9948cd,perf(gatsby): cache `createNodeId` locally (#27686). * perf(gatsby): cache `createNodeId` locally. * Drop a log.  add some tests. * Old comment. * Use double layered cache to separate namespace properly. * Update comments,2,111,55.5,7.63956044,222,26,FALSE,7,4.571428571,8.538461538,3,2,1,2
https://api.github.com/repos/zeromq/libzmq/commits/e7974c3b72355a37b982fe937574a72d52838112,Merge pull request #4028 from sigiesec/test-coverage. Some improvements to the test coverage job,6,192,32,12.4,97,12,FALSE,2,6.5,8.083333333,4,4,1,3
https://api.github.com/repos/Alamofire/Alamofire/commits/4210ed5275220afc86e10f79efcd5dae456f1df3,Fix Combine Test Failure on 2020 OSes (#3284). * Skip specific cancellation tests on 2020 OSes. * Reenable testing on iOS 14. * Only build for Swift 5. 1.  don‚Äôt test.,2,46,23,10.34805195,169,22,TRUE,7,4.428571429,7.681818182,3,3,4,4.333333333